{
    "1427164752949411910": [
        {
            "ticket_id": 1762506229,
            "user_id": 1414860197373149235,
            "rating": 4,
            "comment": "",
            "timestamp": "2025-11-07T14:34:20.626040"
        },
        {
            "ticket_id": 1762506883,
            "user_id": 1414860197373149235,
            "rating": 4,
            "comment": "",
            "timestamp": "2025-11-07T14:46:24.612065"
        },
        {
            "ticket_id": 1762508981,
            "user_id": 1414860197373149235,
            "rating": 4,
            "comment": "",
            "timestamp": "2025-11-07T15:32:53.729232"
        },
        {
            "ticket_id": 1762562228,
            "user_id": 1414860197373149235,
            "rating": 5,
            "timestamp": "2025-11-08T06:10:24.681628"
        },
        {
            "ticket_id": 1,
            "user_id": 1414860197373149235,
            "rating": 5,
            "timestamp": "2025-11-08T07:44:30.048435"
        }
    ]
}