{
    "1427164752949411910": {
        "name": "gwy prize",
        "description": "fxck u",
        "category_id": null,
        "transcript_channel_id": 1431161746957275176,
        "panel_channel_id": 1436607326692835379,
        "color": 39423,
        "ai_enabled": true,
        "dm_notifications": true,
        "buttons": {
            "support": {
                "label": "💬 Support",
                "type": "support"
            },
            "staff_apply": {
                "label": "📋 Staff Apply",
                "type": "staff_apply"
            },
            "gwy_prize": {
                "label": "🎁 GWY Prize",
                "type": "gwy_prize"
            }
        }
    }
}