{
    "1427164752949411910": {
        "1762506229": {
            "user_id": 1414860197373149235,
            "channel_id": 1436363016487698443,
            "type": "Support",
            "status": "closed",
            "created_at": "2025-11-07T14:33:49.218678",
            "claimed_by": 1414860197373149235,
            "closed_at": "2025-11-07T14:34:06.650943",
            "closed_by": 1414860197373149235
        },
        "1762506883": {
            "user_id": 1414860197373149235,
            "channel_id": 1436365761609338931,
            "type": "Support",
            "status": "closed",
            "created_at": "2025-11-07T14:44:43.504662",
            "claimed_by": 1414860197373149235,
            "closed_at": "2025-11-07T14:46:05.512524",
            "closed_by": 1414860197373149235
        },
        "1762508981": {
            "user_id": 1414860197373149235,
            "channel_id": 1436374561909248000,
            "type": "Support",
            "status": "closed",
            "created_at": "2025-11-07T15:19:41.646849",
            "claimed_by": null,
            "closed_at": "2025-11-07T15:32:47.436161",
            "closed_by": 1414860197373149235
        },
        "1762562228": {
            "user_id": 1414860197373149235,
            "channel_id": 1436597894026235934,
            "type": "support",
            "status": "closed",
            "created_at": "2025-11-08T06:07:08.099008",
            "claimed_by": null,
            "closed_at": "2025-11-08T06:10:13.104025",
            "closed_by": 1414860197373149235,
            "close_reason": "issue solved",
            "attachments": [],
            "last_message_time": "2025-11-08T06:07:08.099016"
        },
        "1427164752949411910_1": {
            "number": 1,
            "user_id": 1414860197373149235,
            "channel_id": 1436621128138494002,
            "type": "Report / Issue",
            "status": "closed",
            "created_at": "2025-11-08T07:39:27.433341",
            "claimed_by": null,
            "closed_at": "2025-11-08T07:44:20.950180",
            "closed_by": 1414860197373149235,
            "close_reason": "done",
            "rated": true
        }
    }
}